{
  "url" : "https://ISF-Acceptance.cfapps.eu10.hana.ondemand.com",
  "identifier" : "com.ondemand.hana.eu10.cfapps.ISF-Acceptance",
  "version" : "0.0.29",
  "name" : "Avebe Internal Starch Flow",
  "description" : null,
  "iosEnabled" : false,
  "androidEnabled" : true,
  "requirePin" : false,
  "enableOffline" : true,
  "permissions" : {
    "calendar" : false,
    "camera" : true,
    "photoLibrary" : false,
    "contacts" : false,
    "microphone" : false,
    "geoLocation" : true,
    "push" : false
  },
  "theme" : {
    "background" : "#0595DB",
    "text" : "#ffffff",
    "button" : "#76CA02",
    "buttonCaption" : "#ffffff"
  }
}